DATE,FID,
15/02/2022,847,
15/02/2022,844,
15/02/2022,846,
15/02/2022,843,
15/02/2022,845,
15/02/2022,820,
15/02/2022,819,
15/02/2022,817,
15/02/2022,816,
15/02/2022,818,
15/02/2022,807,
15/02/2022,802,
15/02/2022,806,
15/02/2022,804,
15/02/2022,803,
15/02/2022,805,
15/02/2022,815,
15/02/2022,811,
15/02/2022,813,
15/02/2022,812,
15/02/2022,809,
15/02/2022,810,
15/02/2022,808,
15/02/2022,814,
15/02/2022,828,
15/02/2022,831,
15/02/2022,829,
15/02/2022,830,
15/02/2022,835,
15/02/2022,832,
15/02/2022,833,
15/02/2022,834,
15/02/2022,838,
15/02/2022,840,
15/02/2022,842,
15/02/2022,839,
15/02/2022,837,
15/02/2022,836,
15/02/2022,841,
15/02/2022,822,
15/02/2022,823,
15/02/2022,821,
15/02/2022,825,
15/02/2022,826,
15/02/2022,827,
15/02/2022,824,
15/02/2022,2107,
15/02/2022,2108,
15/02/2022,2110,
15/02/2022,960,
15/02/2022,919,
15/02/2022,2085,
15/02/2022,2055,
15/02/2022,900,
15/02/2022,2056,
15/02/2022,947,
15/02/2022,894,
15/02/2022,896,
15/02/2022,2121,
15/02/2022,2122,
15/02/2022,2115,
15/02/2022,2052,
15/02/2022,2010,
15/02/2022,895,
15/02/2022,2119,
15/02/2022,872,
15/02/2022,2084,
15/02/2022,2114,
15/02/2022,871,
15/02/2022,2030,
15/02/2022,2102,
15/02/2022,2118,
15/02/2022,2096,
15/02/2022,2087,
15/02/2022,2072,
15/02/2022,943,
15/02/2022,926,
15/02/2022,893,
15/02/2022,2094,
15/02/2022,2054,
15/02/2022,949,
15/02/2022,2070,
15/02/2022,2103,
15/02/2022,929,
15/02/2022,2032,
15/02/2022,925,
15/02/2022,2097,
15/02/2022,2071,
15/02/2022,927,
15/02/2022,928,
15/02/2022,2065,
15/02/2022,942,
15/02/2022,2073,
15/02/2022,2093,
15/02/2022,2089,
15/02/2022,2079,
15/02/2022,933,
15/02/2022,954,
15/02/2022,2074,
15/02/2022,2090,
15/02/2022,2098,
15/02/2022,2069,
15/02/2022,936,
15/02/2022,934,
15/02/2022,958,
15/02/2022,2042,
15/02/2022,918,
15/02/2022,951,
15/02/2022,941,
15/02/2022,932,
15/02/2022,955,
15/02/2022,2086,
15/02/2022,940,
15/02/2022,2053,
15/02/2022,903,
15/02/2022,2057,
15/02/2022,948,
15/02/2022,2064,
15/02/2022,910,
15/02/2022,886,
15/02/2022,946,
15/02/2022,939,
15/02/2022,897,
15/02/2022,2080,
15/02/2022,892,
15/02/2022,2044,
15/02/2022,2051,
15/02/2022,891,
15/02/2022,2091,
15/02/2022,938,
15/02/2022,873,
15/02/2022,2063,
15/02/2022,2077,
15/02/2022,875,
15/02/2022,2078,
15/02/2022,950,
15/02/2022,2036,
15/02/2022,2031,
15/02/2022,901,
15/02/2022,887,
15/02/2022,931,
15/02/2022,2041,
15/02/2022,2101,
15/02/2022,953,
15/02/2022,945,
15/02/2022,2059,
15/02/2022,2050,
15/02/2022,2088,
15/02/2022,2099,
15/02/2022,2062,
15/02/2022,2058,
15/02/2022,935,
15/02/2022,937,
15/02/2022,2095,
15/02/2022,2092,
15/02/2022,911,
15/02/2022,2082,
15/02/2022,2046,
15/02/2022,885,
15/02/2022,2100,
15/02/2022,898,
15/02/2022,2109,
15/02/2022,2048,
15/02/2022,2037,
15/02/2022,2047,
15/02/2022,962,
15/02/2022,930,
15/02/2022,2008,
15/02/2022,877,
15/02/2022,963,
15/02/2022,922,
15/02/2022,2045,
15/02/2022,2123,
15/02/2022,906,
15/02/2022,879,
15/02/2022,944,
15/02/2022,880,
15/02/2022,899,
15/02/2022,912,
15/02/2022,2049,
15/02/2022,923,
15/02/2022,2116,
15/02/2022,908,
15/02/2022,2117,
15/02/2022,2043,
15/02/2022,2120,
15/02/2022,905,
15/02/2022,921,
15/02/2022,920,
15/02/2022,2033,
15/02/2022,961,
15/02/2022,2034,
15/02/2022,964,
15/02/2022,2081,
15/02/2022,890,
15/02/2022,2061,
15/02/2022,914,
15/02/2022,2083,
15/02/2022,913,
15/02/2022,959,
15/02/2022,924,
15/02/2022,2066,
15/02/2022,952,
15/02/2022,884,
15/02/2022,915,
15/02/2022,902,
15/02/2022,917,
15/02/2022,881,
15/02/2022,907,
15/02/2022,2105,
15/02/2022,2076,
15/02/2022,904,
15/02/2022,2067,
15/02/2022,2075,
15/02/2022,2106,
15/02/2022,2039,
15/02/2022,2113,
15/02/2022,889,
15/02/2022,2104,
15/02/2022,2060,
15/02/2022,882,
15/02/2022,909,
15/02/2022,956,
15/02/2022,2111,
15/02/2022,2068,
15/02/2022,2112,
15/02/2022,2040,
15/02/2022,916,
15/02/2022,2038,
15/02/2022,883,
15/02/2022,957,
15/02/2022,888,
15/02/2022,876,
15/02/2022,2035,
15/02/2022,874,
15/02/2022,878,
15/02/2022,866,
15/02/2022,2014,
15/02/2022,867,
15/02/2022,868,
15/02/2022,2021,
15/02/2022,858,
15/02/2022,854,
15/02/2022,2131,
15/02/2022,972,
15/02/2022,2132,
15/02/2022,1005,
15/02/2022,998,
15/02/2022,2145,
15/02/2022,1002,
15/02/2022,2144,
15/02/2022,970,
15/02/2022,997,
15/02/2022,987,
15/02/2022,2139,
15/02/2022,2130,
15/02/2022,2125,
15/02/2022,978,
15/02/2022,977,
15/02/2022,983,
15/02/2022,967,
15/02/2022,2137,
15/02/2022,971,
15/02/2022,986,
15/02/2022,982,
15/02/2022,988,
15/02/2022,984,
15/02/2022,989,
15/02/2022,2140,
15/02/2022,2129,
15/02/2022,991,
15/02/2022,980,
15/02/2022,979,
15/02/2022,2128,
15/02/2022,968,
15/02/2022,2127,
15/02/2022,973,
15/02/2022,976,
15/02/2022,2148,
15/02/2022,2126,
15/02/2022,2146,
15/02/2022,2124,
15/02/2022,985,
15/02/2022,2133,
15/02/2022,965,
15/02/2022,993,
15/02/2022,995,
15/02/2022,1003,
15/02/2022,969,
15/02/2022,2141,
15/02/2022,994,
15/02/2022,1000,
15/02/2022,1001,
15/02/2022,999,
15/02/2022,2149,
15/02/2022,1004,
15/02/2022,990,
15/02/2022,966,
15/02/2022,981,
15/02/2022,996,
15/02/2022,2143,
15/02/2022,2138,
15/02/2022,2147,
15/02/2022,992,
15/02/2022,2142,
15/02/2022,2136,
15/02/2022,2135,
15/02/2022,975,
15/02/2022,2134,
15/02/2022,974,
15/02/2022,2150,
15/02/2022,1008,
15/02/2022,2151,
15/02/2022,1006,
15/02/2022,2153,
15/02/2022,2152,
15/02/2022,1007,
15/02/2022,2018,
15/02/2022,2022,
15/02/2022,851,
15/02/2022,869,
15/02/2022,2025,
15/02/2022,855,
15/02/2022,870,
15/02/2022,2028,
15/02/2022,860,
15/02/2022,2017,
15/02/2022,859,
15/02/2022,2023,
15/02/2022,2024,
15/02/2022,862,
15/02/2022,863,
15/02/2022,2027,
15/02/2022,848,
15/02/2022,2026,
15/02/2022,1009,
15/02/2022,1011,
15/02/2022,1010,
15/02/2022,2154,
15/02/2022,856,
15/02/2022,2019,
15/02/2022,849,
15/02/2022,2016,
15/02/2022,2015,
15/02/2022,2011,
15/02/2022,2155,
15/02/2022,1013,
15/02/2022,1012,
15/02/2022,2157,
15/02/2022,2156,
15/02/2022,1015,
15/02/2022,1014,
15/02/2022,1033,
15/02/2022,1044,
15/02/2022,2185,
15/02/2022,1039,
15/02/2022,1035,
15/02/2022,1027,
15/02/2022,1026,
15/02/2022,1036,
15/02/2022,2173,
15/02/2022,1031,
15/02/2022,2172,
15/02/2022,1042,
15/02/2022,2178,
15/02/2022,2167,
15/02/2022,853,
15/02/2022,2183,
15/02/2022,1030,
15/02/2022,2168,
15/02/2022,1022,
15/02/2022,1028,
15/02/2022,2186,
15/02/2022,2166,
15/02/2022,2187,
15/02/2022,1041,
15/02/2022,1021,
15/02/2022,1043,
15/02/2022,2029,
15/02/2022,2181,
15/02/2022,2169,
15/02/2022,2159,
15/02/2022,2163,
15/02/2022,2158,
15/02/2022,2180,
15/02/2022,1032,
15/02/2022,1020,
15/02/2022,1024,
15/02/2022,852,
15/02/2022,2164,
15/02/2022,864,
15/02/2022,1025,
15/02/2022,2175,
15/02/2022,2184,
15/02/2022,1023,
15/02/2022,865,
15/02/2022,2174,
15/02/2022,1037,
15/02/2022,1034,
15/02/2022,1016,
15/02/2022,2012,
15/02/2022,2170,
15/02/2022,2182,
15/02/2022,2179,
15/02/2022,2165,
15/02/2022,1038,
15/02/2022,2176,
15/02/2022,2171,
15/02/2022,1040,
15/02/2022,1017,
15/02/2022,1029,
15/02/2022,857,
15/02/2022,850,
15/02/2022,2013,
15/02/2022,2009,
15/02/2022,2020,
15/02/2022,2162,
15/02/2022,2160,
15/02/2022,2161,
15/02/2022,1018,
15/02/2022,1019,
15/02/2022,2177,
15/02/2022,861,
15/02/2022,1123,
15/02/2022,1161,
15/02/2022,1124,
15/02/2022,1145,
15/02/2022,2298,
15/02/2022,2297,
15/02/2022,2260,
15/02/2022,2300,
15/02/2022,1174,
15/02/2022,2273,
15/02/2022,1122,
15/02/2022,1160,
15/02/2022,1150,
15/02/2022,2270,
15/02/2022,2295,
15/02/2022,1152,
15/02/2022,2190,
15/02/2022,1120,
15/02/2022,1045,
15/02/2022,2308,
15/02/2022,2194,
15/02/2022,1159,
15/02/2022,1144,
15/02/2022,2293,
15/02/2022,1149,
15/02/2022,1052,
15/02/2022,2286,
15/02/2022,1056,
15/02/2022,1121,
15/02/2022,1158,
15/02/2022,1054,
15/02/2022,2272,
15/02/2022,1082,
15/02/2022,2285,
15/02/2022,2292,
15/02/2022,2296,
15/02/2022,2250,
15/02/2022,1094,
15/02/2022,1119,
15/02/2022,2299,
15/02/2022,2284,
15/02/2022,2191,
15/02/2022,1151,
15/02/2022,2252,
15/02/2022,1055,
15/02/2022,2291,
15/02/2022,1157,
15/02/2022,2251,
15/02/2022,2283,
15/02/2022,2248,
15/02/2022,2294,
15/02/2022,2269,
15/02/2022,1047,
15/02/2022,2245,
15/02/2022,2201,
15/02/2022,2306,
15/02/2022,1053,
15/02/2022,2290,
15/02/2022,2243,
15/02/2022,1051,
15/02/2022,2196,
15/02/2022,2221,
15/02/2022,1059,
15/02/2022,1156,
15/02/2022,2234,
15/02/2022,1060,
15/02/2022,2288,
15/02/2022,1058,
15/02/2022,1104,
15/02/2022,1057,
15/02/2022,2231,
15/02/2022,1148,
15/02/2022,2268,
15/02/2022,2232,
15/02/2022,1071,
15/02/2022,1076,
15/02/2022,2192,
15/02/2022,2233,
15/02/2022,2189,
15/02/2022,2279,
15/02/2022,1173,
15/02/2022,1114,
15/02/2022,1100,
15/02/2022,2305,
15/02/2022,2230,
15/02/2022,2254,
15/02/2022,1075,
15/02/2022,1049,
15/02/2022,1050,
15/02/2022,2255,
15/02/2022,2249,
15/02/2022,1107,
15/02/2022,2244,
15/02/2022,1048,
15/02/2022,2210,
15/02/2022,1115,
15/02/2022,1117,
15/02/2022,2307,
15/02/2022,2219,
15/02/2022,1103,
15/02/2022,1171,
15/02/2022,2304,
15/02/2022,1106,
15/02/2022,2188,
15/02/2022,1170,
15/02/2022,1172,
15/02/2022,2235,
15/02/2022,1110,
15/02/2022,2241,
15/02/2022,2253,
15/02/2022,2282,
15/02/2022,1118,
15/02/2022,2217,
15/02/2022,2274,
15/02/2022,2246,
15/02/2022,2211,
15/02/2022,1102,
15/02/2022,2193,
15/02/2022,2281,
15/02/2022,1101,
15/02/2022,1146,
15/02/2022,1167,
15/02/2022,1132,
15/02/2022,2278,
15/02/2022,1116,
15/02/2022,2213,
15/02/2022,1105,
15/02/2022,2247,
15/02/2022,1147,
15/02/2022,1166,
15/02/2022,1141,
15/02/2022,2236,
15/02/2022,1154,
15/02/2022,2209,
15/02/2022,1098,
15/02/2022,2263,
15/02/2022,1046,
15/02/2022,2238,
15/02/2022,2275,
15/02/2022,2229,
15/02/2022,1137,
15/02/2022,2266,
15/02/2022,2237,
15/02/2022,2277,
15/02/2022,2271,
15/02/2022,2264,
15/02/2022,2225,
15/02/2022,2240,
15/02/2022,2280,
15/02/2022,2267,
15/02/2022,2301,
15/02/2022,1134,
15/02/2022,2261,
15/02/2022,2216,
15/02/2022,1168,
15/02/2022,2242,
15/02/2022,2287,
15/02/2022,2199,
15/02/2022,1111,
15/02/2022,2214,
15/02/2022,2276,
15/02/2022,2208,
15/02/2022,1143,
15/02/2022,1073,
15/02/2022,2289,
15/02/2022,1142,
15/02/2022,2218,
15/02/2022,1085,
15/02/2022,1099,
15/02/2022,2206,
15/02/2022,2303,
15/02/2022,2224,
15/02/2022,1109,
15/02/2022,1089,
15/02/2022,1140,
15/02/2022,2202,
15/02/2022,1079,
15/02/2022,1136,
15/02/2022,2302,
15/02/2022,1072,
15/02/2022,2227,
15/02/2022,1084,
15/02/2022,1163,
15/02/2022,1069,
15/02/2022,2207,
15/02/2022,2228,
15/02/2022,1077,
15/02/2022,1139,
15/02/2022,2262,
15/02/2022,1138,
15/02/2022,1067,
15/02/2022,1133,
15/02/2022,2223,
15/02/2022,2239,
15/02/2022,2222,
15/02/2022,2226,
15/02/2022,2220,
15/02/2022,1081,
15/02/2022,1078,
15/02/2022,1108,
15/02/2022,1112,
15/02/2022,2200,
15/02/2022,1062,
15/02/2022,1086,
15/02/2022,1162,
15/02/2022,1088,
15/02/2022,1065,
15/02/2022,1113,
15/02/2022,1063,
15/02/2022,1092,
15/02/2022,1080,
15/02/2022,1070,
15/02/2022,2197,
15/02/2022,1093,
15/02/2022,1064,
15/02/2022,1155,
15/02/2022,2198,
15/02/2022,2195,
15/02/2022,1164,
15/02/2022,1097,
15/02/2022,1153,
15/02/2022,1095,
15/02/2022,1061,
15/02/2022,2204,
15/02/2022,2215,
15/02/2022,2265,
15/02/2022,1074,
15/02/2022,1135,
15/02/2022,1165,
15/02/2022,1087,
15/02/2022,1068,
15/02/2022,2205,
15/02/2022,2257,
15/02/2022,1091,
15/02/2022,2212,
15/02/2022,1090,
15/02/2022,2256,
15/02/2022,1083,
15/02/2022,1066,
15/02/2022,1096,
15/02/2022,1169,
15/02/2022,2203,
15/02/2022,1129,
15/02/2022,1125,
15/02/2022,1126,
15/02/2022,2259,
15/02/2022,1130,
15/02/2022,2258,
15/02/2022,1131,
15/02/2022,1128,
15/02/2022,1127,
15/02/2022,1223,
15/02/2022,1222,
15/02/2022,1225,
15/02/2022,1219,
15/02/2022,2349,
15/02/2022,1220,
15/02/2022,1224,
15/02/2022,2350,
15/02/2022,1221,
15/02/2022,1218,
15/02/2022,2337,
15/02/2022,1204,
15/02/2022,1202,
15/02/2022,1214,
15/02/2022,2338,
15/02/2022,1201,
15/02/2022,1203,
15/02/2022,2339,
15/02/2022,1215,
15/02/2022,2341,
15/02/2022,1199,
15/02/2022,1198,
15/02/2022,2347,
15/02/2022,2335,
15/02/2022,1205,
15/02/2022,1210,
15/02/2022,1213,
15/02/2022,2333,
15/02/2022,2332,
15/02/2022,2344,
15/02/2022,1211,
15/02/2022,2336,
15/02/2022,2334,
15/02/2022,2342,
15/02/2022,1200,
15/02/2022,1208,
15/02/2022,2345,
15/02/2022,1212,
15/02/2022,2340,
15/02/2022,1206,
15/02/2022,1209,
15/02/2022,2343,
15/02/2022,2346,
15/02/2022,1207,
15/02/2022,2331,
15/02/2022,1216,
15/02/2022,2348,
15/02/2022,1217,
15/02/2022,2351,
15/02/2022,1226,
15/02/2022,1227,
15/02/2022,2366,
15/02/2022,1244,
15/02/2022,2367,
15/02/2022,1229,
15/02/2022,2352,
15/02/2022,2368,
15/02/2022,2365,
15/02/2022,1243,
15/02/2022,1242,
15/02/2022,1228,
15/02/2022,2362,
15/02/2022,1239,
15/02/2022,1250,
15/02/2022,1255,
15/02/2022,2375,
15/02/2022,1254,
15/02/2022,1256,
15/02/2022,2353,
15/02/2022,1249,
15/02/2022,2363,
15/02/2022,1247,
15/02/2022,2373,
15/02/2022,1248,
15/02/2022,1246,
15/02/2022,2370,
15/02/2022,2364,
15/02/2022,2369,
15/02/2022,2359,
15/02/2022,2372,
15/02/2022,1245,
15/02/2022,1234,
15/02/2022,2357,
15/02/2022,2361,
15/02/2022,2371,
15/02/2022,1230,
15/02/2022,2356,
15/02/2022,1240,
15/02/2022,1233,
15/02/2022,1235,
15/02/2022,1232,
15/02/2022,2354,
15/02/2022,2355,
15/02/2022,2360,
15/02/2022,2376,
15/02/2022,1252,
15/02/2022,1238,
15/02/2022,1241,
15/02/2022,2374,
15/02/2022,1251,
15/02/2022,1237,
15/02/2022,2358,
15/02/2022,1253,
15/02/2022,1231,
15/02/2022,1236,
15/02/2022,2326,
15/02/2022,1195,
15/02/2022,1183,
15/02/2022,2324,
15/02/2022,2322,
15/02/2022,1186,
15/02/2022,2311,
15/02/2022,1182,
15/02/2022,2315,
15/02/2022,1184,
15/02/2022,2314,
15/02/2022,1194,
15/02/2022,2327,
15/02/2022,2321,
15/02/2022,2313,
15/02/2022,1188,
15/02/2022,1185,
15/02/2022,2323,
15/02/2022,1197,
15/02/2022,1187,
15/02/2022,2330,
15/02/2022,2329,
15/02/2022,2325,
15/02/2022,2312,
15/02/2022,2316,
15/02/2022,2328,
15/02/2022,1189,
15/02/2022,1196,
15/02/2022,1179,
15/02/2022,1180,
15/02/2022,1190,
15/02/2022,2319,
15/02/2022,1192,
15/02/2022,2320,
15/02/2022,2318,
15/02/2022,1176,
15/02/2022,1175,
15/02/2022,1181,
15/02/2022,2317,
15/02/2022,2309,
15/02/2022,2310,
15/02/2022,1177,
15/02/2022,1191,
15/02/2022,1193,
15/02/2022,1178,
15/02/2022,1303,
15/02/2022,1287,
15/02/2022,1302,
15/02/2022,2413,
15/02/2022,1301,
15/02/2022,2399,
15/02/2022,1297,
15/02/2022,2398,
15/02/2022,1322,
15/02/2022,2434,
15/02/2022,1293,
15/02/2022,2397,
15/02/2022,1286,
15/02/2022,2432,
15/02/2022,1323,
15/02/2022,2396,
15/02/2022,2431,
15/02/2022,2409,
15/02/2022,2407,
15/02/2022,1292,
15/02/2022,2433,
15/02/2022,1320,
15/02/2022,2395,
15/02/2022,2430,
15/02/2022,1284,
15/02/2022,2427,
15/02/2022,1285,
15/02/2022,2426,
15/02/2022,1296,
15/02/2022,1295,
15/02/2022,1289,
15/02/2022,1321,
15/02/2022,2402,
15/02/2022,2406,
15/02/2022,2421,
15/02/2022,2410,
15/02/2022,1290,
15/02/2022,2404,
15/02/2022,1311,
15/02/2022,1319,
15/02/2022,2424,
15/02/2022,1294,
15/02/2022,2418,
15/02/2022,2425,
15/02/2022,1324,
15/02/2022,1288,
15/02/2022,2408,
15/02/2022,2420,
15/02/2022,1291,
15/02/2022,2401,
15/02/2022,1310,
15/02/2022,2422,
15/02/2022,2416,
15/02/2022,1307,
15/02/2022,1317,
15/02/2022,1305,
15/02/2022,2417,
15/02/2022,2400,
15/02/2022,1309,
15/02/2022,1308,
15/02/2022,2414,
15/02/2022,1318,
15/02/2022,1316,
15/02/2022,2428,
15/02/2022,2405,
15/02/2022,1315,
15/02/2022,2423,
15/02/2022,2419,
15/02/2022,1314,
15/02/2022,1312,
15/02/2022,2403,
15/02/2022,1306,
15/02/2022,1313,
15/02/2022,1298,
15/02/2022,1300,
15/02/2022,2415,
15/02/2022,1299,
15/02/2022,2412,
15/02/2022,2429,
15/02/2022,2411,
15/02/2022,1304,
15/02/2022,1331,
15/02/2022,1336,
15/02/2022,1335,
15/02/2022,1334,
15/02/2022,2435,
15/02/2022,1333,
15/02/2022,1332,
15/02/2022,1329,
15/02/2022,1326,
15/02/2022,1330,
15/02/2022,1325,
15/02/2022,1328,
15/02/2022,1327,
15/02/2022,2436,
15/02/2022,1338,
15/02/2022,1337,
15/02/2022,2437,
15/02/2022,2438,
15/02/2022,2439,
15/02/2022,1339,
15/02/2022,2449,
15/02/2022,2441,
15/02/2022,2445,
15/02/2022,1349,
15/02/2022,2383,
15/02/2022,2450,
15/02/2022,2446,
15/02/2022,1263,
15/02/2022,1341,
15/02/2022,1274,
15/02/2022,2443,
15/02/2022,2382,
15/02/2022,1345,
15/02/2022,2388,
15/02/2022,2442,
15/02/2022,1272,
15/02/2022,1273,
15/02/2022,1346,
15/02/2022,1367,
15/02/2022,1340,
15/02/2022,2387,
15/02/2022,1270,
15/02/2022,1268,
15/02/2022,1271,
15/02/2022,2482,
15/02/2022,2444,
15/02/2022,1348,
15/02/2022,1266,
15/02/2022,1347,
15/02/2022,1280,
15/02/2022,1265,
15/02/2022,1342,
15/02/2022,2391,
15/02/2022,1282,
15/02/2022,1283,
15/02/2022,2461,
15/02/2022,2392,
15/02/2022,2481,
15/02/2022,1281,
15/02/2022,2474,
15/02/2022,1259,
15/02/2022,1350,
15/02/2022,1260,
15/02/2022,1381,
15/02/2022,2394,
15/02/2022,1279,
15/02/2022,1258,
15/02/2022,2460,
15/02/2022,1362,
15/02/2022,1363,
15/02/2022,2380,
15/02/2022,2386,
15/02/2022,1264,
15/02/2022,2393,
15/02/2022,1261,
15/02/2022,1262,
15/02/2022,1364,
15/02/2022,2384,
15/02/2022,2473,
15/02/2022,2381,
15/02/2022,2478,
15/02/2022,2448,
15/02/2022,1378,
15/02/2022,1351,
15/02/2022,2458,
15/02/2022,1278,
15/02/2022,2479,
15/02/2022,2457,
15/02/2022,2378,
15/02/2022,2447,
15/02/2022,1277,
15/02/2022,2459,
15/02/2022,1374,
15/02/2022,1361,
15/02/2022,1369,
15/02/2022,1267,
15/02/2022,2475,
15/02/2022,2453,
15/02/2022,2470,
15/02/2022,2379,
15/02/2022,1276,
15/02/2022,2468,
15/02/2022,1360,
15/02/2022,2390,
15/02/2022,1372,
15/02/2022,1371,
15/02/2022,2480,
15/02/2022,1373,
15/02/2022,1275,
15/02/2022,2455,
15/02/2022,1366,
15/02/2022,1343,
15/02/2022,2463,
15/02/2022,2440,
15/02/2022,2477,
15/02/2022,1344,
15/02/2022,1357,
15/02/2022,2389,
15/02/2022,1375,
15/02/2022,1354,
15/02/2022,1356,
15/02/2022,1355,
15/02/2022,1379,
15/02/2022,2465,
15/02/2022,2456,
15/02/2022,2471,
15/02/2022,2476,
15/02/2022,1269,
15/02/2022,2464,
15/02/2022,2462,
15/02/2022,1377,
15/02/2022,1352,
15/02/2022,1358,
15/02/2022,2385,
15/02/2022,1370,
15/02/2022,1359,
15/02/2022,2451,
15/02/2022,1380,
15/02/2022,2452,
15/02/2022,2469,
15/02/2022,1382,
15/02/2022,1365,
15/02/2022,1368,
15/02/2022,2472,
15/02/2022,2454,
15/02/2022,2486,
15/02/2022,1353,
15/02/2022,2487,
15/02/2022,2467,
15/02/2022,1385,
15/02/2022,1387,
15/02/2022,1394,
15/02/2022,1408,
15/02/2022,1383,
15/02/2022,2491,
15/02/2022,1386,
15/02/2022,2499,
15/02/2022,1396,
15/02/2022,2488,
15/02/2022,2484,
15/02/2022,1406,
15/02/2022,2466,
15/02/2022,1389,
15/02/2022,1395,
15/02/2022,1405,
15/02/2022,2500,
15/02/2022,1404,
15/02/2022,2494,
15/02/2022,1397,
15/02/2022,1402,
15/02/2022,1401,
15/02/2022,1376,
15/02/2022,1399,
15/02/2022,1390,
15/02/2022,2490,
15/02/2022,1388,
15/02/2022,1407,
15/02/2022,2483,
15/02/2022,1392,
15/02/2022,2485,
15/02/2022,1393,
15/02/2022,2493,
15/02/2022,2489,
15/02/2022,1400,
15/02/2022,1391,
15/02/2022,2497,
15/02/2022,1384,
15/02/2022,1410,
15/02/2022,2495,
15/02/2022,2492,
15/02/2022,2498,
15/02/2022,1398,
15/02/2022,1403,
15/02/2022,2496,
15/02/2022,2505,
15/02/2022,2521,
15/02/2022,2519,
15/02/2022,1423,
15/02/2022,2503,
15/02/2022,1432,
15/02/2022,2504,
15/02/2022,2522,
15/02/2022,2523,
15/02/2022,2508,
15/02/2022,2510,
15/02/2022,1434,
15/02/2022,2524,
15/02/2022,1424,
15/02/2022,2526,
15/02/2022,2525,
15/02/2022,1409,
15/02/2022,1418,
15/02/2022,2509,
15/02/2022,1425,
15/02/2022,1420,
15/02/2022,1422,
15/02/2022,1436,
15/02/2022,2513,
15/02/2022,1438,
15/02/2022,2506,
15/02/2022,1437,
15/02/2022,2511,
15/02/2022,2517,
15/02/2022,1430,
15/02/2022,1435,
15/02/2022,2515,
15/02/2022,2518,
15/02/2022,2514,
15/02/2022,1433,
15/02/2022,1421,
15/02/2022,2507,
15/02/2022,1429,
15/02/2022,2516,
15/02/2022,2512,
15/02/2022,1416,
15/02/2022,1419,
15/02/2022,1427,
15/02/2022,1428,
15/02/2022,1439,
15/02/2022,1417,
15/02/2022,2527,
15/02/2022,2528,
15/02/2022,2530,
15/02/2022,1445,
15/02/2022,1443,
15/02/2022,2502,
15/02/2022,2501,
15/02/2022,2529,
15/02/2022,1444,
15/02/2022,1415,
15/02/2022,1441,
15/02/2022,1426,
15/02/2022,1411,
15/02/2022,1413,
15/02/2022,1431,
15/02/2022,1412,
15/02/2022,1414,
15/02/2022,1442,
15/02/2022,2520,
15/02/2022,1440,
15/02/2022,1257,
15/02/2022,2377,
15/02/2022,1475,
15/02/2022,1476,
15/02/2022,1474,
15/02/2022,2553,
15/02/2022,2552,
15/02/2022,1471,
15/02/2022,1472,
15/02/2022,1473,
15/02/2022,1470,
15/02/2022,1477,
15/02/2022,1479,
15/02/2022,2554,
15/02/2022,2555,
15/02/2022,1478,
15/02/2022,1480,
15/02/2022,2556,
15/02/2022,2551,
15/02/2022,1469,
15/02/2022,1448,
15/02/2022,1447,
15/02/2022,2532,
15/02/2022,2534,
15/02/2022,1449,
15/02/2022,1450,
15/02/2022,2533,
15/02/2022,2531,
15/02/2022,2535,
15/02/2022,2541,
15/02/2022,1446,
15/02/2022,1455,
15/02/2022,2546,
15/02/2022,2547,
15/02/2022,2550,
15/02/2022,1486,
15/02/2022,2562,
15/02/2022,1488,
15/02/2022,1489,
15/02/2022,2564,
15/02/2022,1484,
15/02/2022,1487,
15/02/2022,2559,
15/02/2022,1491,
15/02/2022,1453,
15/02/2022,1490,
15/02/2022,1485,
15/02/2022,2557,
15/02/2022,1481,
15/02/2022,2540,
15/02/2022,1483,
15/02/2022,1465,
15/02/2022,2560,
15/02/2022,2558,
15/02/2022,1461,
15/02/2022,1459,
15/02/2022,1454,
15/02/2022,1462,
15/02/2022,2545,
15/02/2022,1457,
15/02/2022,2548,
15/02/2022,1482,
15/02/2022,2561,
15/02/2022,1494,
15/02/2022,2542,
15/02/2022,1493,
15/02/2022,2543,
15/02/2022,1467,
15/02/2022,1464,
15/02/2022,1458,
15/02/2022,2549,
15/02/2022,1492,
15/02/2022,2544,
15/02/2022,1456,
15/02/2022,2563,
15/02/2022,1460,
15/02/2022,1468,
15/02/2022,1466,
15/02/2022,1463,
15/02/2022,1451,
15/02/2022,1452,
15/02/2022,2536,
15/02/2022,2537,
15/02/2022,2539,
15/02/2022,2538,
15/02/2022,1520,
15/02/2022,2586,
15/02/2022,2592,
15/02/2022,2589,
15/02/2022,1528,
15/02/2022,1525,
15/02/2022,2585,
15/02/2022,1522,
15/02/2022,1523,
15/02/2022,2587,
15/02/2022,2588,
15/02/2022,1527,
15/02/2022,2590,
15/02/2022,2591,
15/02/2022,1524,
15/02/2022,1526,
15/02/2022,1521,
15/02/2022,2594,
15/02/2022,2595,
15/02/2022,2593,
15/02/2022,2596,
15/02/2022,1529,
15/02/2022,1530,
15/02/2022,2597,
15/02/2022,1506,
15/02/2022,2573,
15/02/2022,1501,
15/02/2022,1511,
15/02/2022,1505,
15/02/2022,2571,
15/02/2022,2567,
15/02/2022,2576,
15/02/2022,2575,
15/02/2022,1509,
15/02/2022,2574,
15/02/2022,1502,
15/02/2022,2572,
15/02/2022,1507,
15/02/2022,1503,
15/02/2022,2569,
15/02/2022,2580,
15/02/2022,2578,
15/02/2022,1510,
15/02/2022,2577,
15/02/2022,1497,
15/02/2022,2568,
15/02/2022,2579,
15/02/2022,1504,
15/02/2022,2570,
15/02/2022,1512,
15/02/2022,1519,
15/02/2022,2584,
15/02/2022,1499,
15/02/2022,2598,
15/02/2022,1500,
15/02/2022,1498,
15/02/2022,1531,
15/02/2022,1508,
15/02/2022,2565,
15/02/2022,2566,
15/02/2022,1495,
15/02/2022,1496,
15/02/2022,1517,
15/02/2022,1518,
15/02/2022,2582,
15/02/2022,2581,
15/02/2022,1516,
15/02/2022,2583,
15/02/2022,1513,
15/02/2022,1514,
15/02/2022,1515,
15/02/2022,1553,
15/02/2022,1554,
15/02/2022,1552,
15/02/2022,1551,
15/02/2022,1555,
15/02/2022,1556,
15/02/2022,1557,
15/02/2022,1560,
15/02/2022,2627,
15/02/2022,2628,
15/02/2022,2623,
15/02/2022,1541,
15/02/2022,2626,
15/02/2022,2605,
15/02/2022,2624,
15/02/2022,2616,
15/02/2022,2612,
15/02/2022,2608,
15/02/2022,2617,
15/02/2022,1562,
15/02/2022,1545,
15/02/2022,1537,
15/02/2022,2609,
15/02/2022,1546,
15/02/2022,1547,
15/02/2022,1536,
15/02/2022,1563,
15/02/2022,2629,
15/02/2022,1565,
15/02/2022,1564,
15/02/2022,1544,
15/02/2022,1561,
15/02/2022,1566,
15/02/2022,1539,
15/02/2022,1558,
15/02/2022,2613,
15/02/2022,1543,
15/02/2022,1542,
15/02/2022,1559,
15/02/2022,1540,
15/02/2022,2611,
15/02/2022,2603,
15/02/2022,2614,
15/02/2022,2606,
15/02/2022,2602,
15/02/2022,2615,
15/02/2022,1535,
15/02/2022,1538,
15/02/2022,1568,
15/02/2022,2607,
15/02/2022,2604,
15/02/2022,2600,
15/02/2022,1567,
15/02/2022,2610,
15/02/2022,2601,
15/02/2022,2625,
15/02/2022,1534,
15/02/2022,1533,
15/02/2022,1532,
15/02/2022,2599,
15/02/2022,1549,
15/02/2022,2618,
15/02/2022,2620,
15/02/2022,2621,
15/02/2022,1550,
15/02/2022,2622,
15/02/2022,1548,
15/02/2022,2619,
15/02/2022,1601,
15/02/2022,2663,
15/02/2022,2668,
15/02/2022,2659,
15/02/2022,2660,
15/02/2022,1589,
15/02/2022,1590,
15/02/2022,2658,
15/02/2022,1596,
15/02/2022,1603,
15/02/2022,1599,
15/02/2022,1602,
15/02/2022,1597,
15/02/2022,2665,
15/02/2022,1593,
15/02/2022,1598,
15/02/2022,2657,
15/02/2022,2666,
15/02/2022,2656,
15/02/2022,1588,
15/02/2022,1594,
15/02/2022,2667,
15/02/2022,1595,
15/02/2022,1600,
15/02/2022,1604,
15/02/2022,2664,
15/02/2022,2670,
15/02/2022,2662,
15/02/2022,2669,
15/02/2022,2671,
15/02/2022,2661,
15/02/2022,1592,
15/02/2022,1591,
15/02/2022,2672,
15/02/2022,1609,
15/02/2022,1605,
15/02/2022,1610,
15/02/2022,2673,
15/02/2022,1608,
15/02/2022,1607,
15/02/2022,1606,
15/02/2022,1571,
15/02/2022,2630,
15/02/2022,2635,
15/02/2022,1577,
15/02/2022,1572,
15/02/2022,2631,
15/02/2022,2634,
15/02/2022,2637,
15/02/2022,2632,
15/02/2022,2633,
15/02/2022,2645,
15/02/2022,2646,
15/02/2022,1576,
15/02/2022,2639,
15/02/2022,2636,
15/02/2022,2640,
15/02/2022,2648,
15/02/2022,2647,
15/02/2022,1569,
15/02/2022,1574,
15/02/2022,2641,
15/02/2022,1570,
15/02/2022,2644,
15/02/2022,2642,
15/02/2022,1575,
15/02/2022,2643,
15/02/2022,1573,
15/02/2022,2650,
15/02/2022,1581,
15/02/2022,1580,
15/02/2022,1579,
15/02/2022,1578,
15/02/2022,2638,
15/02/2022,1582,
15/02/2022,2649,
15/02/2022,2651,
15/02/2022,2653,
15/02/2022,2655,
15/02/2022,2654,
15/02/2022,1585,
15/02/2022,1587,
15/02/2022,1586,
15/02/2022,2652,
15/02/2022,1583,
15/02/2022,1584,
15/02/2022,2693,
15/02/2022,1639,
15/02/2022,1640,
15/02/2022,1641,
15/02/2022,2695,
15/02/2022,1645,
15/02/2022,2694,
15/02/2022,2696,
15/02/2022,1647,
15/02/2022,1643,
15/02/2022,1649,
15/02/2022,1642,
15/02/2022,2698,
15/02/2022,1644,
15/02/2022,1646,
15/02/2022,2692,
15/02/2022,2697,
15/02/2022,2699,
15/02/2022,1648,
15/02/2022,1638,
15/02/2022,1650,
15/02/2022,2700,
15/02/2022,1651,
15/02/2022,1652,
15/02/2022,2674,
15/02/2022,1612,
15/02/2022,2701,
15/02/2022,1615,
15/02/2022,1614,
15/02/2022,1613,
15/02/2022,2675,
15/02/2022,1611,
15/02/2022,2702,
15/02/2022,2703,
15/02/2022,1653,
15/02/2022,1616,
15/02/2022,1618,
15/02/2022,1654,
15/02/2022,2676,
15/02/2022,1620,
15/02/2022,1619,
15/02/2022,1617,
15/02/2022,1668,
15/02/2022,1674,
15/02/2022,2717,
15/02/2022,2721,
15/02/2022,1667,
15/02/2022,1625,
15/02/2022,1629,
15/02/2022,1624,
15/02/2022,2683,
15/02/2022,1626,
15/02/2022,1630,
15/02/2022,2691,
15/02/2022,1637,
15/02/2022,2681,
15/02/2022,1636,
15/02/2022,1631,
15/02/2022,2704,
15/02/2022,1623,
15/02/2022,1634,
15/02/2022,2684,
15/02/2022,2682,
15/02/2022,1628,
15/02/2022,1627,
15/02/2022,1635,
15/02/2022,2711,
15/02/2022,1655,
15/02/2022,1669,
15/02/2022,2680,
15/02/2022,2709,
15/02/2022,2712,
15/02/2022,1665,
15/02/2022,2708,
15/02/2022,1672,
15/02/2022,2710,
15/02/2022,1660,
15/02/2022,2705,
15/02/2022,1621,
15/02/2022,2716,
15/02/2022,1670,
15/02/2022,2706,
15/02/2022,2715,
15/02/2022,2677,
15/02/2022,1663,
15/02/2022,2713,
15/02/2022,1633,
15/02/2022,2714,
15/02/2022,1659,
15/02/2022,1622,
15/02/2022,1657,
15/02/2022,2720,
15/02/2022,1666,
15/02/2022,1662,
15/02/2022,2719,
15/02/2022,2679,
15/02/2022,2707,
15/02/2022,1632,
15/02/2022,1664,
15/02/2022,1673,
15/02/2022,2685,
15/02/2022,2718,
15/02/2022,2686,
15/02/2022,2688,
15/02/2022,2689,
15/02/2022,2687,
15/02/2022,2678,
15/02/2022,1658,
15/02/2022,1661,
15/02/2022,1656,
15/02/2022,2690,
15/02/2022,1671,
15/02/2022,250,
15/02/2022,251,
15/02/2022,249,
15/02/2022,234,
15/02/2022,231,
15/02/2022,233,
15/02/2022,230,
15/02/2022,232,
15/02/2022,225,
15/02/2022,229,
15/02/2022,220,
15/02/2022,221,
15/02/2022,223,
15/02/2022,226,
15/02/2022,224,
15/02/2022,219,
15/02/2022,228,
15/02/2022,218,
15/02/2022,222,
15/02/2022,227,
15/02/2022,240,
15/02/2022,235,
15/02/2022,236,
15/02/2022,239,
15/02/2022,238,
15/02/2022,237,
15/02/2022,248,
15/02/2022,243,
15/02/2022,246,
15/02/2022,245,
15/02/2022,242,
15/02/2022,247,
15/02/2022,241,
15/02/2022,244,
15/02/2022,214,
15/02/2022,206,
15/02/2022,210,
15/02/2022,211,
15/02/2022,215,
15/02/2022,213,
15/02/2022,209,
15/02/2022,205,
15/02/2022,212,
15/02/2022,208,
15/02/2022,217,
15/02/2022,207,
15/02/2022,216,
15/02/2022,274,
15/02/2022,276,
15/02/2022,275,
15/02/2022,273,
15/02/2022,277,
15/02/2022,272,
15/02/2022,268,
15/02/2022,267,
15/02/2022,271,
15/02/2022,270,
15/02/2022,269,
15/02/2022,204,
15/02/2022,198,
15/02/2022,199,
15/02/2022,203,
15/02/2022,201,
15/02/2022,202,
15/02/2022,200,
15/02/2022,263,
15/02/2022,264,
15/02/2022,266,
15/02/2022,265,
15/02/2022,256,
15/02/2022,252,
15/02/2022,253,
15/02/2022,255,
15/02/2022,254,
15/02/2022,262,
15/02/2022,259,
15/02/2022,258,
15/02/2022,261,
15/02/2022,257,
15/02/2022,260,
15/02/2022,290,
15/02/2022,286,
15/02/2022,287,
15/02/2022,285,
15/02/2022,289,
15/02/2022,288,
15/02/2022,195,
15/02/2022,188,
15/02/2022,189,
15/02/2022,192,
15/02/2022,194,
15/02/2022,196,
15/02/2022,191,
15/02/2022,193,
15/02/2022,190,
15/02/2022,197,
15/02/2022,292,
15/02/2022,291,
15/02/2022,294,
15/02/2022,297,
15/02/2022,295,
15/02/2022,298,
15/02/2022,296,
15/02/2022,293,
15/02/2022,278,
15/02/2022,281,
15/02/2022,280,
15/02/2022,283,
15/02/2022,282,
15/02/2022,284,
15/02/2022,279,
15/02/2022,85,
15/02/2022,98,
15/02/2022,91,
15/02/2022,92,
15/02/2022,90,
15/02/2022,100,
15/02/2022,99,
15/02/2022,84,
15/02/2022,86,
15/02/2022,87,
15/02/2022,83,
15/02/2022,79,
15/02/2022,81,
15/02/2022,101,
15/02/2022,96,
15/02/2022,93,
15/02/2022,88,
15/02/2022,95,
15/02/2022,82,
15/02/2022,80,
15/02/2022,102,
15/02/2022,94,
15/02/2022,97,
15/02/2022,89,
15/02/2022,104,
15/02/2022,103,
15/02/2022,15,
15/02/2022,12,
15/02/2022,2006,
15/02/2022,5,
15/02/2022,9,
15/02/2022,4,
15/02/2022,10,
15/02/2022,0,
15/02/2022,13,
15/02/2022,14,
15/02/2022,11,
15/02/2022,3,
15/02/2022,7,
15/02/2022,8,
15/02/2022,2,
15/02/2022,6,
15/02/2022,1,
15/02/2022,25,
15/02/2022,23,
15/02/2022,24,
15/02/2022,18,
15/02/2022,21,
15/02/2022,22,
15/02/2022,17,
15/02/2022,20,
15/02/2022,16,
15/02/2022,19,
15/02/2022,115,
15/02/2022,105,
15/02/2022,117,
15/02/2022,116,
15/02/2022,111,
15/02/2022,110,
15/02/2022,112,
15/02/2022,119,
15/02/2022,106,
15/02/2022,118,
15/02/2022,114,
15/02/2022,120,
15/02/2022,108,
15/02/2022,109,
15/02/2022,107,
15/02/2022,113,
15/02/2022,70,
15/02/2022,71,
15/02/2022,72,
15/02/2022,66,
15/02/2022,73,
15/02/2022,61,
15/02/2022,74,
15/02/2022,76,
15/02/2022,67,
15/02/2022,62,
15/02/2022,69,
15/02/2022,64,
15/02/2022,75,
15/02/2022,59,
15/02/2022,60,
15/02/2022,63,
15/02/2022,77,
15/02/2022,78,
15/02/2022,68,
15/02/2022,65,
15/02/2022,47,
15/02/2022,49,
15/02/2022,45,
15/02/2022,46,
15/02/2022,44,
15/02/2022,48,
15/02/2022,58,
15/02/2022,56,
15/02/2022,53,
15/02/2022,52,
15/02/2022,54,
15/02/2022,57,
15/02/2022,50,
15/02/2022,51,
15/02/2022,55,
15/02/2022,31,
15/02/2022,43,
15/02/2022,35,
15/02/2022,39,
15/02/2022,34,
15/02/2022,29,
15/02/2022,32,
15/02/2022,26,
15/02/2022,28,
15/02/2022,30,
15/02/2022,40,
15/02/2022,27,
15/02/2022,36,
15/02/2022,41,
15/02/2022,37,
15/02/2022,33,
15/02/2022,38,
15/02/2022,42,
15/02/2022,1804,
15/02/2022,1796,
15/02/2022,1800,
15/02/2022,1794,
15/02/2022,1793,
15/02/2022,1799,
15/02/2022,1805,
15/02/2022,1801,
15/02/2022,1806,
15/02/2022,1803,
15/02/2022,1802,
15/02/2022,1797,
15/02/2022,1798,
15/02/2022,1795,
15/02/2022,1762,
15/02/2022,1768,
15/02/2022,1760,
15/02/2022,1763,
15/02/2022,1769,
15/02/2022,1719,
15/02/2022,1720,
15/02/2022,1745,
15/02/2022,1735,
15/02/2022,1728,
15/02/2022,1722,
15/02/2022,1723,
15/02/2022,1737,
15/02/2022,1739,
15/02/2022,1741,
15/02/2022,1738,
15/02/2022,1740,
15/02/2022,1742,
15/02/2022,1747,
15/02/2022,1721,
15/02/2022,1736,
15/02/2022,1767,
15/02/2022,1744,
15/02/2022,1746,
15/02/2022,1766,
15/02/2022,1764,
15/02/2022,1749,
15/02/2022,1753,
15/02/2022,1756,
15/02/2022,1725,
15/02/2022,1754,
15/02/2022,1724,
15/02/2022,1726,
15/02/2022,1755,
15/02/2022,1727,
15/02/2022,1750,
15/02/2022,1751,
15/02/2022,1765,
15/02/2022,1743,
15/02/2022,1748,
15/02/2022,1729,
15/02/2022,1731,
15/02/2022,1730,
15/02/2022,1759,
15/02/2022,1733,
15/02/2022,1734,
15/02/2022,1761,
15/02/2022,1758,
15/02/2022,1752,
15/02/2022,1732,
15/02/2022,1757,
15/02/2022,1997,
15/02/2022,1996,
15/02/2022,1981,
15/02/2022,2004,
15/02/2022,1983,
15/02/2022,1976,
15/02/2022,1973,
15/02/2022,1995,
15/02/2022,1982,
15/02/2022,1979,
15/02/2022,1984,
15/02/2022,1985,
15/02/2022,2000,
15/02/2022,1999,
15/02/2022,2001,
15/02/2022,1978,
15/02/2022,2002,
15/02/2022,2003,
15/02/2022,1980,
15/02/2022,1998,
15/02/2022,1977,
15/02/2022,1975,
15/02/2022,1987,
15/02/2022,1989,
15/02/2022,1986,
15/02/2022,1991,
15/02/2022,1994,
15/02/2022,1974,
15/02/2022,1988,
15/02/2022,1990,
15/02/2022,1992,
15/02/2022,1993,
15/02/2022,1685,
15/02/2022,1692,
15/02/2022,1682,
15/02/2022,1675,
15/02/2022,1688,
15/02/2022,1689,
15/02/2022,1677,
15/02/2022,1687,
15/02/2022,1681,
15/02/2022,1686,
15/02/2022,1683,
15/02/2022,1676,
15/02/2022,1695,
15/02/2022,1696,
15/02/2022,1712,
15/02/2022,1697,
15/02/2022,1691,
15/02/2022,1690,
15/02/2022,1715,
15/02/2022,1714,
15/02/2022,1711,
15/02/2022,1713,
15/02/2022,1710,
15/02/2022,1684,
15/02/2022,1694,
15/02/2022,1679,
15/02/2022,1678,
15/02/2022,1693,
15/02/2022,1698,
15/02/2022,1699,
15/02/2022,1680,
15/02/2022,1700,
15/02/2022,1705,
15/02/2022,1702,
15/02/2022,1703,
15/02/2022,1717,
15/02/2022,1704,
15/02/2022,1707,
15/02/2022,1701,
15/02/2022,1716,
15/02/2022,1709,
15/02/2022,1706,
15/02/2022,1718,
15/02/2022,1708,
15/02/2022,1921,
15/02/2022,1920,
15/02/2022,1919,
15/02/2022,1906,
15/02/2022,1910,
15/02/2022,1902,
15/02/2022,1901,
15/02/2022,1908,
15/02/2022,1914,
15/02/2022,1913,
15/02/2022,1928,
15/02/2022,1909,
15/02/2022,1911,
15/02/2022,1917,
15/02/2022,1895,
15/02/2022,1894,
15/02/2022,1923,
15/02/2022,1929,
15/02/2022,1922,
15/02/2022,1907,
15/02/2022,1896,
15/02/2022,1915,
15/02/2022,1916,
15/02/2022,1912,
15/02/2022,1905,
15/02/2022,1893,
15/02/2022,1899,
15/02/2022,1918,
15/02/2022,1898,
15/02/2022,1897,
15/02/2022,1924,
15/02/2022,1925,
15/02/2022,1903,
15/02/2022,1900,
15/02/2022,1904,
15/02/2022,1927,
15/02/2022,1926,
15/02/2022,1875,
15/02/2022,1891,
15/02/2022,1864,
15/02/2022,1858,
15/02/2022,1868,
15/02/2022,1866,
15/02/2022,1882,
15/02/2022,1865,
15/02/2022,1867,
15/02/2022,1873,
15/02/2022,1861,
15/02/2022,1877,
15/02/2022,1878,
15/02/2022,1879,
15/02/2022,1881,
15/02/2022,1872,
15/02/2022,1885,
15/02/2022,1880,
15/02/2022,1890,
15/02/2022,1869,
15/02/2022,1892,
15/02/2022,1889,
15/02/2022,1883,
15/02/2022,1887,
15/02/2022,1871,
15/02/2022,1870,
15/02/2022,1863,
15/02/2022,1862,
15/02/2022,1886,
15/02/2022,1884,
15/02/2022,1876,
15/02/2022,1860,
15/02/2022,1874,
15/02/2022,1859,
15/02/2022,1888,
15/02/2022,1966,
15/02/2022,1956,
15/02/2022,1972,
15/02/2022,1951,
15/02/2022,1958,
15/02/2022,1969,
15/02/2022,1963,
15/02/2022,1965,
15/02/2022,1971,
15/02/2022,1959,
15/02/2022,1954,
15/02/2022,1953,
15/02/2022,1962,
15/02/2022,1957,
15/02/2022,1967,
15/02/2022,1955,
15/02/2022,1952,
15/02/2022,1960,
15/02/2022,1961,
15/02/2022,1968,
15/02/2022,1970,
15/02/2022,2722,
15/02/2022,1964,
15/02/2022,1830,
15/02/2022,1838,
15/02/2022,1848,
15/02/2022,1855,
15/02/2022,1828,
15/02/2022,1807,
15/02/2022,1832,
15/02/2022,1834,
15/02/2022,1811,
15/02/2022,1808,
15/02/2022,1843,
15/02/2022,1837,
15/02/2022,1825,
15/02/2022,1824,
15/02/2022,1853,
15/02/2022,1823,
15/02/2022,1829,
15/02/2022,1822,
15/02/2022,1809,
15/02/2022,1813,
15/02/2022,1844,
15/02/2022,1810,
15/02/2022,1835,
15/02/2022,1841,
15/02/2022,1840,
15/02/2022,1849,
15/02/2022,1850,
15/02/2022,1812,
15/02/2022,1852,
15/02/2022,1833,
15/02/2022,1836,
15/02/2022,1842,
15/02/2022,1851,
15/02/2022,1854,
15/02/2022,1819,
15/02/2022,1818,
15/02/2022,1821,
15/02/2022,1857,
15/02/2022,1816,
15/02/2022,1845,
15/02/2022,1846,
15/02/2022,1856,
15/02/2022,1826,
15/02/2022,1817,
15/02/2022,1820,
15/02/2022,1814,
15/02/2022,1827,
15/02/2022,1815,
15/02/2022,1847,
15/02/2022,1831,
15/02/2022,1839,
15/02/2022,1948,
15/02/2022,1941,
15/02/2022,1944,
15/02/2022,1950,
15/02/2022,1949,
15/02/2022,1945,
15/02/2022,1943,
15/02/2022,1940,
15/02/2022,1938,
15/02/2022,1937,
15/02/2022,1942,
15/02/2022,1939,
15/02/2022,1933,
15/02/2022,1931,
15/02/2022,1932,
15/02/2022,1930,
15/02/2022,1947,
15/02/2022,1934,
15/02/2022,1946,
15/02/2022,1936,
15/02/2022,1935,
15/02/2022,1792,
15/02/2022,1787,
15/02/2022,1781,
15/02/2022,1777,
15/02/2022,1789,
15/02/2022,1791,
15/02/2022,1790,
15/02/2022,1782,
15/02/2022,1780,
15/02/2022,1788,
15/02/2022,1783,
15/02/2022,1785,
15/02/2022,1784,
15/02/2022,1786,
15/02/2022,1779,
15/02/2022,1778,
15/02/2022,1775,
15/02/2022,1773,
15/02/2022,1770,
15/02/2022,1772,
15/02/2022,1776,
15/02/2022,1771,
15/02/2022,1774,
15/02/2022,131,
15/02/2022,132,
15/02/2022,134,
15/02/2022,135,
15/02/2022,133,
15/02/2022,130,
15/02/2022,127,
15/02/2022,129,
15/02/2022,128,
15/02/2022,136,
15/02/2022,137,
15/02/2022,139,
15/02/2022,138,
15/02/2022,152,
15/02/2022,149,
15/02/2022,150,
15/02/2022,151,
15/02/2022,148,
15/02/2022,141,
15/02/2022,145,
15/02/2022,143,
15/02/2022,144,
15/02/2022,142,
15/02/2022,140,
15/02/2022,146,
15/02/2022,147,
15/02/2022,123,
15/02/2022,125,
15/02/2022,122,
15/02/2022,121,
15/02/2022,124,
15/02/2022,126,
15/02/2022,153,
15/02/2022,157,
15/02/2022,156,
15/02/2022,154,
15/02/2022,155,
15/02/2022,169,
15/02/2022,170,
15/02/2022,172,
15/02/2022,171,
15/02/2022,173,
15/02/2022,174,
15/02/2022,177,
15/02/2022,178,
15/02/2022,176,
15/02/2022,175,
15/02/2022,168,
15/02/2022,163,
15/02/2022,164,
15/02/2022,162,
15/02/2022,165,
15/02/2022,161,
15/02/2022,167,
15/02/2022,166,
15/02/2022,185,
15/02/2022,186,
15/02/2022,187,
15/02/2022,184,
15/02/2022,181,
15/02/2022,179,
15/02/2022,180,
15/02/2022,183,
15/02/2022,182,
15/02/2022,159,
15/02/2022,160,
15/02/2022,158,
15/02/2022,389,
15/02/2022,380,
15/02/2022,382,
15/02/2022,379,
15/02/2022,386,
15/02/2022,385,
15/02/2022,384,
15/02/2022,388,
15/02/2022,381,
15/02/2022,383,
15/02/2022,387,
15/02/2022,368,
15/02/2022,364,
15/02/2022,365,
15/02/2022,355,
15/02/2022,358,
15/02/2022,359,
15/02/2022,356,
15/02/2022,351,
15/02/2022,354,
15/02/2022,350,
15/02/2022,375,
15/02/2022,366,
15/02/2022,374,
15/02/2022,369,
15/02/2022,371,
15/02/2022,367,
15/02/2022,372,
15/02/2022,370,
15/02/2022,373,
15/02/2022,360,
15/02/2022,361,
15/02/2022,362,
15/02/2022,363,
15/02/2022,357,
15/02/2022,352,
15/02/2022,353,
15/02/2022,377,
15/02/2022,376,
15/02/2022,378,
15/02/2022,309,
15/02/2022,331,
15/02/2022,330,
15/02/2022,312,
15/02/2022,326,
15/02/2022,303,
15/02/2022,344,
15/02/2022,335,
15/02/2022,343,
15/02/2022,325,
15/02/2022,340,
15/02/2022,342,
15/02/2022,336,
15/02/2022,341,
15/02/2022,306,
15/02/2022,308,
15/02/2022,307,
15/02/2022,300,
15/02/2022,327,
15/02/2022,338,
15/02/2022,337,
15/02/2022,334,
15/02/2022,347,
15/02/2022,348,
15/02/2022,339,
15/02/2022,328,
15/02/2022,345,
15/02/2022,311,
15/02/2022,333,
15/02/2022,329,
15/02/2022,332,
15/02/2022,305,
15/02/2022,310,
15/02/2022,346,
15/02/2022,349,
15/02/2022,301,
15/02/2022,302,
15/02/2022,322,
15/02/2022,315,
15/02/2022,316,
15/02/2022,304,
15/02/2022,324,
15/02/2022,314,
15/02/2022,317,
15/02/2022,313,
15/02/2022,323,
15/02/2022,319,
15/02/2022,320,
15/02/2022,321,
15/02/2022,318,
15/02/2022,299,
15/02/2022,452,
15/02/2022,422,
15/02/2022,464,
15/02/2022,463,
15/02/2022,458,
15/02/2022,443,
15/02/2022,425,
15/02/2022,456,
15/02/2022,457,
15/02/2022,444,
15/02/2022,439,
15/02/2022,431,
15/02/2022,420,
15/02/2022,462,
15/02/2022,468,
15/02/2022,434,
15/02/2022,466,
15/02/2022,436,
15/02/2022,423,
15/02/2022,446,
15/02/2022,445,
15/02/2022,419,
15/02/2022,426,
15/02/2022,418,
15/02/2022,472,
15/02/2022,455,
15/02/2022,471,
15/02/2022,465,
15/02/2022,432,
15/02/2022,467,
15/02/2022,470,
15/02/2022,469,
15/02/2022,448,
15/02/2022,435,
15/02/2022,424,
15/02/2022,437,
15/02/2022,433,
15/02/2022,438,
15/02/2022,440,
15/02/2022,442,
15/02/2022,441,
15/02/2022,459,
15/02/2022,460,
15/02/2022,449,
15/02/2022,430,
15/02/2022,429,
15/02/2022,428,
15/02/2022,461,
15/02/2022,450,
15/02/2022,427,
15/02/2022,451,
15/02/2022,447,
15/02/2022,421,
15/02/2022,453,
15/02/2022,454,
15/02/2022,417,
15/02/2022,485,
15/02/2022,480,
15/02/2022,486,
15/02/2022,479,
15/02/2022,483,
15/02/2022,484,
15/02/2022,473,
15/02/2022,481,
15/02/2022,482,
15/02/2022,474,
15/02/2022,478,
15/02/2022,475,
15/02/2022,476,
15/02/2022,477,
15/02/2022,563,
15/02/2022,559,
15/02/2022,557,
15/02/2022,560,
15/02/2022,561,
15/02/2022,562,
15/02/2022,558,
15/02/2022,555,
15/02/2022,551,
15/02/2022,553,
15/02/2022,550,
15/02/2022,552,
15/02/2022,554,
15/02/2022,543,
15/02/2022,549,
15/02/2022,548,
15/02/2022,544,
15/02/2022,546,
15/02/2022,545,
15/02/2022,547,
15/02/2022,556,
15/02/2022,395,
15/02/2022,408,
15/02/2022,409,
15/02/2022,404,
15/02/2022,398,
15/02/2022,392,
15/02/2022,390,
15/02/2022,391,
15/02/2022,394,
15/02/2022,410,
15/02/2022,393,
15/02/2022,414,
15/02/2022,416,
15/02/2022,411,
15/02/2022,415,
15/02/2022,396,
15/02/2022,412,
15/02/2022,406,
15/02/2022,413,
15/02/2022,401,
15/02/2022,399,
15/02/2022,407,
15/02/2022,397,
15/02/2022,402,
15/02/2022,400,
15/02/2022,403,
15/02/2022,405,
15/02/2022,537,
15/02/2022,538,
15/02/2022,536,
15/02/2022,529,
15/02/2022,531,
15/02/2022,535,
15/02/2022,530,
15/02/2022,540,
15/02/2022,542,
15/02/2022,539,
15/02/2022,541,
15/02/2022,534,
15/02/2022,532,
15/02/2022,533,
15/02/2022,511,
15/02/2022,508,
15/02/2022,497,
15/02/2022,487,
15/02/2022,499,
15/02/2022,491,
15/02/2022,492,
15/02/2022,498,
15/02/2022,494,
15/02/2022,502,
15/02/2022,495,
15/02/2022,504,
15/02/2022,515,
15/02/2022,517,
15/02/2022,518,
15/02/2022,493,
15/02/2022,496,
15/02/2022,512,
15/02/2022,516,
15/02/2022,514,
15/02/2022,501,
15/02/2022,510,
15/02/2022,488,
15/02/2022,500,
15/02/2022,513,
15/02/2022,509,
15/02/2022,506,
15/02/2022,489,
15/02/2022,505,
15/02/2022,503,
15/02/2022,490,
15/02/2022,507,
15/02/2022,528,
15/02/2022,525,
15/02/2022,527,
15/02/2022,519,
15/02/2022,526,
15/02/2022,524,
15/02/2022,522,
15/02/2022,520,
15/02/2022,523,
15/02/2022,521,
15/02/2022,571,
15/02/2022,570,
15/02/2022,573,
15/02/2022,569,
15/02/2022,568,
15/02/2022,572,
15/02/2022,590,
15/02/2022,587,
15/02/2022,586,
15/02/2022,589,
15/02/2022,588,
15/02/2022,585,
15/02/2022,595,
15/02/2022,593,
15/02/2022,592,
15/02/2022,591,
15/02/2022,594,
15/02/2022,584,
15/02/2022,581,
15/02/2022,583,
15/02/2022,580,
15/02/2022,579,
15/02/2022,582,
15/02/2022,578,
15/02/2022,577,
15/02/2022,575,
15/02/2022,574,
15/02/2022,576,
15/02/2022,565,
15/02/2022,567,
15/02/2022,566,
15/02/2022,564,
15/02/2022,699,
15/02/2022,698,
15/02/2022,696,
15/02/2022,697,
15/02/2022,702,
15/02/2022,701,
15/02/2022,2005,
15/02/2022,700,
15/02/2022,648,
15/02/2022,649,
15/02/2022,667,
15/02/2022,668,
15/02/2022,669,
15/02/2022,673,
15/02/2022,671,
15/02/2022,674,
15/02/2022,672,
15/02/2022,643,
15/02/2022,622,
15/02/2022,606,
15/02/2022,641,
15/02/2022,621,
15/02/2022,653,
15/02/2022,670,
15/02/2022,639,
15/02/2022,655,
15/02/2022,610,
15/02/2022,654,
15/02/2022,633,
15/02/2022,656,
15/02/2022,611,
15/02/2022,645,
15/02/2022,644,
15/02/2022,642,
15/02/2022,659,
15/02/2022,665,
15/02/2022,640,
15/02/2022,662,
15/02/2022,657,
15/02/2022,617,
15/02/2022,612,
15/02/2022,631,
15/02/2022,619,
15/02/2022,616,
15/02/2022,638,
15/02/2022,613,
15/02/2022,615,
15/02/2022,618,
15/02/2022,634,
15/02/2022,635,
15/02/2022,636,
15/02/2022,614,
15/02/2022,646,
15/02/2022,647,
15/02/2022,658,
15/02/2022,625,
15/02/2022,632,
15/02/2022,604,
15/02/2022,637,
15/02/2022,609,
15/02/2022,660,
15/02/2022,666,
15/02/2022,603,
15/02/2022,629,
15/02/2022,663,
15/02/2022,630,
15/02/2022,628,
15/02/2022,623,
15/02/2022,661,
15/02/2022,620,
15/02/2022,608,
15/02/2022,624,
15/02/2022,627,
15/02/2022,652,
15/02/2022,605,
15/02/2022,651,
15/02/2022,664,
15/02/2022,626,
15/02/2022,607,
15/02/2022,650,
15/02/2022,689,
15/02/2022,692,
15/02/2022,687,
15/02/2022,691,
15/02/2022,675,
15/02/2022,686,
15/02/2022,683,
15/02/2022,682,
15/02/2022,693,
15/02/2022,690,
15/02/2022,688,
15/02/2022,679,
15/02/2022,678,
15/02/2022,677,
15/02/2022,676,
15/02/2022,2007,
15/02/2022,695,
15/02/2022,684,
15/02/2022,694,
15/02/2022,681,
15/02/2022,680,
15/02/2022,685,
15/02/2022,600,
15/02/2022,599,
15/02/2022,596,
15/02/2022,597,
15/02/2022,601,
15/02/2022,602,
15/02/2022,598,
15/02/2022,715,
15/02/2022,716,
15/02/2022,705,
15/02/2022,707,
15/02/2022,703,
15/02/2022,704,
15/02/2022,718,
15/02/2022,706,
15/02/2022,712,
15/02/2022,711,
15/02/2022,719,
15/02/2022,709,
15/02/2022,714,
15/02/2022,717,
15/02/2022,713,
15/02/2022,710,
15/02/2022,708,
15/02/2022,764,
15/02/2022,755,
15/02/2022,760,
15/02/2022,762,
15/02/2022,757,
15/02/2022,758,
15/02/2022,759,
15/02/2022,756,
15/02/2022,763,
15/02/2022,761,
15/02/2022,750,
15/02/2022,751,
15/02/2022,753,
15/02/2022,741,
15/02/2022,745,
15/02/2022,743,
15/02/2022,749,
15/02/2022,752,
15/02/2022,747,
15/02/2022,754,
15/02/2022,746,
15/02/2022,742,
15/02/2022,748,
15/02/2022,744,
15/02/2022,728,
15/02/2022,729,
15/02/2022,721,
15/02/2022,725,
15/02/2022,723,
15/02/2022,726,
15/02/2022,724,
15/02/2022,722,
15/02/2022,720,
15/02/2022,727,
15/02/2022,734,
15/02/2022,735,
15/02/2022,736,
15/02/2022,740,
15/02/2022,739,
15/02/2022,732,
15/02/2022,731,
15/02/2022,738,
15/02/2022,737,
15/02/2022,733,
15/02/2022,730,
15/02/2022,781,
15/02/2022,782,
15/02/2022,796,
15/02/2022,769,
15/02/2022,790,
15/02/2022,787,
15/02/2022,788,
15/02/2022,799,
15/02/2022,779,
15/02/2022,798,
15/02/2022,800,
15/02/2022,783,
15/02/2022,786,
15/02/2022,777,
15/02/2022,776,
15/02/2022,785,
15/02/2022,768,
15/02/2022,770,
15/02/2022,784,
15/02/2022,775,
15/02/2022,774,
15/02/2022,801,
15/02/2022,789,
15/02/2022,765,
15/02/2022,778,
15/02/2022,773,
15/02/2022,766,
15/02/2022,797,
15/02/2022,795,
15/02/2022,793,
15/02/2022,791,
15/02/2022,772,
15/02/2022,780,
15/02/2022,767,
15/02/2022,794,
15/02/2022,792,
15/02/2022,771,
